games,brier,logloss
1047,0.22388184598910296,0.6392284302053808
