game_id,p_home
148741,0.6896546309704731
148742,0.4776682095875304
148743,0.47916121949690793
148744,0.544965547507749
148750,0.7560246518533907
148752,0.6914250889722435
148745,0.6436053600725189
148746,0.7124020682756511
148753,0.6400210066007916
148747,0.5945561295167043
148748,0.7030755386331898
148749,0.5221732560968325
148751,0.5905095736168543
148755,0.7119898557848695
148754,0.6771539914593759
148756,0.547931217928729
