{
  "week": 1,
  "games": 16,
  "scored_games": 16,
  "accuracy": 0.5625,
  "brier": 0.209148,
  "logloss": 0.606043
}