{
  "week": 1,
  "games": 16,
  "scored_games": 12,
  "accuracy": 0.583333,
  "brier": 0.214397,
  "logloss": 0.616876
}