game_id,p_home
148757,0.500000
148758,0.500000
148759,0.500000
148760,0.500000
148761,0.500000
148762,0.500000
148763,0.500000
148764,0.500000
148765,0.500000
148766,0.500000
148767,0.500000
148768,0.500000
148769,0.500000
148770,0.500000
148771,0.500000
148772,0.500000
