{
  "a": -0.17938816912282807,
  "b": -0.16551820490829577,
  "n_games": 1047
}