{"a": 4.065888506463222, "b": 0.38308537564223294, "n": 240}
