{
  "n": 178,
  "baseline": {
    "logloss": 0.6048343135868195,
    "brier": 0.20658215438196134
  },
  "calibrated": {
    "logloss": 0.4489424807468068,
    "brier": 0.1435948882578096
  }
}