{
  "intercept": 0.29852350710444586,
  "coef": 0.0037968091013283515,
  "scale": "logistic"
}