{
  "cv_logloss_mean": 0.6334595666626667,
  "cv_logloss_std": 0.01704024258222942,
  "cv_brier_mean": 0.22116224706345813,
  "cv_brier_std": 0.008119580189136803,
  "n": 1047
}