{
  "logloss": 0.6600764569976841,
  "brier": 0.23352589591440018,
  "ece": 0.1740912042204637,
  "n": 178
}