game_id,p_home
148767,0.739414
148758,0.824908
148759,0.648561
148760,0.710605
148761,0.722826
148768,0.475071
148769,0.504485
148762,0.594799
148763,0.484602
148764,0.291758
148765,0.603461
148766,0.393064
148771,0.553883
148770,0.657787
148772,0.477140
